{"cameraMode":{"drawMode":0,"name":"Shaded","section":"Shading Mode"},"sceneLighting":true,"audioPlay":false,"sceneViewState":{"m_AlwaysRefresh":false,"showFog":true,"showSkybox":true,"showFlares":true,"showImageEffects":true,"showParticleSystems":true,"showVisualEffectGraphs":true,"m_FxEnabled":true},"in2DMode":false,"pivot":{"x":9.609508514404297,"y":2.3752388954162599,"z":-2.2936553955078127},"rotation":{"x":0.17332831025123597,"y":-0.5488879680633545,"z":0.11756537109613419,"w":0.8092342019081116},"size":23.01369857788086,"orthographic":false}